college,aliases,aliases,aliases,aliases
abilene christian,acu,,,
air force,afa,af,,
akron,akr,,,
Ala-Birmingham,UAB,alabama birmingham,ua birmingham,
alabama,ala,bama,,
Alabama State,,,,
albany,alby,,,
Albany State Georgia,albany georgia,,,
appalachian state,app st,,,
arizona,ariz,az,,
arizona state,asu,,,
arkansas,ark,,,
arkansas state,arst,ARK ST,,
army,army,,,
Ashland,,,,
auburn,aub,,,
austin peay,peay,,,
ball state,ball,bsu,,
baylor,bay,,,
bethune-cookman,cook,,,
Bloomsburg,,,,
boise state,bsu,boise,,
boston college,bc,,,
bowling green,bgsu,,,
British Columbia,,,,
brown,brwn,,,
bryant,bry,,,
bucknell,buck,,,
buffalo,buff,ub,,
butler,but,,,
byu,byu,,,
cal poly,cp,,,
california,cal,,,
campbell,camp,,,
central arkansas,uca,,,
central connecticut,ccsu,,,
Central Florida,UCF,CF,,
central michigan,cmu,,,
Central Michigan,UCM,,,
Central Missouri State,CMSU,,,
Charleston West Virginia,CWV,,,
charleston southern,chso,,,
charlotte,char,,,
chattanooga,chat,,,
cincinnati,cin,cincy,,
clemson,clem,,,
coastal carolina,ccar,,,
colgate,colg,,,
colorado,colo,cu,,
colorado state,csu,,,
columbia,clmb,,,
Concordia-St.Paul,CSP,,,
Connecticut,Uconn,,,
cornell,cor,,,
dartmouth,dart,,,
davidson,dav,,,
dayton,day,,,
delaware,del,,,
delaware state,dsu,,,
drake,drke,,,
duke,duke,,,
duquesne,duq,,,
East Carolina,ecu,,,
East Central Oklahoma,ECOU,,,
eastern illinois,eiu,,,
eastern kentucky,eky,eku,,
eastern michigan,emu,,,
eastern washington,ewu,,,
elon,elon,,,
etsu,etsu,,,
Fayetteville State,Fayetteville,,,
Ferris State,Ferris St,,,
Findlay,,,,
florida,fla,uf,,
florida a&m,famu,,,
florida atlantic,fau,,,
florida international,fiu,,,
florida state,fsu,,,
fordham,for,ford,,
Fort Hays State,Fort Hays,,,
Fresno St,fres,Fresno State,FSU,
furman,fur,,,
gardner-webb,webb,,,
georgetown,gtwn,,,
georgia,uga,,,
georgia southern,gaso,,,
georgia state,gast,gsu,,
georgia tech,gt,gtech,,
Grambling State,Grambling,,,
Grand Valley State,GVSU,,,
hampton,hamp,,,
harvard,harv,,,
hawaii,haw,,,
Hobart,,,,
holy cross,hc,,,
houston,hou,,,
houston baptist,hbu,,,
Houston Christian,hcu,,,
howard,how,,,
Humboldt State,hsu,,,
idaho,idaho,,,
idaho state,idst,,,
illinois,ill,,,
illinois state,ilst,,,
incarnate word,iw,,,
indiana,ind,iu,,
indiana state,inst,,,
iowa,iowa,,,
iowa st,isu,,,
Jackson St.,jsu,,,
jacksonville,jac,,,
jacksonville state,jvst,,,
james madison,jmu,,,
kansas,ku,,,
kansas state,ksu,kansas st,,
kennesaw state,kenn,,,
kent state,kent,ksu,,
kentucky,uk,,,
Kutztown PA,kutztown,,,
lafayette,laf,,,
lamar,lam,,,
lehigh,leh,,,
Lenoir-Rhyne,,,,
liberty,lib,,,
Louisiana,,,,
louisiana lafayette,ull,,,
louisiana monroe,ulm,LA-Monroe,,
louisiana tech,lt,latech,,
louisville,lou,,,
lsu,lsu,,,
maine,maine,mne,,
Manitoba,,,,
marist,mrst,,,
Mars Hill,,,,
Marshall,,,,
maryland,umd,,,
Massachusetts,,,,
McGill,,,,
mcneese state,mcns,,,
memphis,mem,,,
mercer,mer,,,
miami florida,miami,mia,um,the u
miami ohio,m-oh,miami ohio,um ohio,
michigan,mich,um,,
michigan state,msu,,,
middle tennessee state,mtsu,,,
Midwestern State,,,,
minnesota,minn,,,
mississippi,ole miss,miss,,
mississippi state,msst,msu,,
missouri,miz,mizz,,
missouri state,most,,,
monmouth,monm,,,
montana,mont,,,
montana state,mtst,,,
morehead state,more,,,
morgan state,morg,,,
murray state,murr,,,
navy,navy,,,
nebraska,neb,,,
nevada,nev,,,
new hampshire,unh,,,
new mexico,unm,,,
new mexico state,nmsu,,,
Newberry,,,,
nicholls state,nich,,,
norfolk state,norf,,,
north carolina,unc,,,
north carolina a&t,ncat,,,
North Carolina Central,nccu,,,
North Carolina State,ncst,nc state,,
north dakota,und,,,
north dakota state,ndsu,nd st,north dakota st,
north texas,unt,,,
northern arizona,nau,,,
northern colorado,unco,,,
northern illinois,niu,,,
northern iowa,uni,,,
Northern Michigan,,,,
northwestern,nw,,,
northwestern state,nwst,,,
notre dame,nd,,,
NW Missouri State,nwmsu,,,
ohio,ohio,,,
ohio state,osu,ohio st,,
ohio valley,ovc,,,
oklahoma,okla,ou,,
oklahoma state,okst,,,
old dominion,odu,,,
ole miss,mississippi,ole miss,miss,
oregon,ore,uo,,
oregon state,orst,osu,,
Ouachita Baptist,,,,
penn state,psu,penn st,,
Pennsylvania,Penn,,,
pioneer,pioneer,,,
Pittsburg State,Pitt St,,,
pittsburgh,pitt,pit,,
portland state,prst,,,
Prairie View A&M,,,,
presbyterian,pre,,,
princeton,prin,,,
purdue,pur,,,
rhode island,uri,,,
rice,rice,,,
richmond,rich,,,
robert morris (pa),rmu,,,
rutgers,rutg,rutties,,
S.F. Austin,sfa,stephen f austin,,
sacramento state,sac,,,
sacred heart,shu,,,
Saginaw Valley State,svsu,,,
Saint John's Minnesota,SJMU,,,
sam houston state,shsu,,,
samford,sam,,,
san diego,usd,,,
san diego state,sdsu,SD st,,
san josé state,sjsu,,,
savannah state,sav,,,
SE Missouri State,SEMSU,,,
Sioux Falls,,,,
smu,smu,,,
south alabama,usa,,,
south carolina,sc,scar,,
south carolina state,scst,,,
south dakota,sdak,,,
south dakota state,sdsu,,,
south florida,usf,,,
southeast missouri,semo,,,
southeastern louisiana,sela,,,
Southern,,,,
southern illinois,siu,,,
southern miss,usm,,,
southern utah,suu,,,
st. francis pa,sfu,,,
stanford,stan,,,
stephen f. austin,sfa,,,
stetson,stet,,,
stony brook,ston,,,
swac,swac,,,
syracuse,syr,cuse,,
Tarleton St.,,,,
tcu,tcu,,,
temple,tem,,,
tennessee,tenn,ut,,
tennessee state,tnst,,,
tennessee tech,tntc,,,
texas,tex,ut,,
texas a&m,tamu,texas anm,a&m,TAMU
Texas A&M-Commerce,,,,
Texas El Paso,utep,utep,,
Texas San Antonio,utsa,utsa,,
Texas Southern,tsou,,,
texas state,txst,,,
texas tech,ttu,ttech,,
the citadel,cit,,,
toledo,tol,toledo,,
towson,tows,,,
troy,troy,,,
tulane,tuln,,,
tulsa,tlsa,,,
uc davis,ucd,,,
ucf,ucf,,,
ucla,ucla,,,
uconn,conn,ucon,,
umass,umass,,,
unlv,unlv,,,
upenn,penn,,,
usc,usc,,,
UT Martin,utm,tennessee-martin,,
utah,utah,,,
utah state,usu,,,
Valdosta State,,,,
valparaiso,valp,,,
vanderbilt,van,vandy,,
villanova,nova,,,
virginia,uva,,,
Virginia State,,,,
virginia tech,vt,vtech,vatech,
vmi,vmi,,,
wagner,wag,,,
wake forest,wake,wf,,
Washburn,,,,
washington,wash,uw,,
washington state,wsu,wazoo,,
weber state,web,,,
West Alabama,,,,
West Georgia,,,,
west virginia,wvu,,,
western carolina,wcu,,,
western illinois,wiu,,,
Western Kentucky,,,,
western michigan,wmu,,,
william & mary,w&m,,,
Wingate,,,,
wisconsin,wis,sconsin,,
Wisconsin–Whitewater,,,,
wku,wku,,,
wofford,wof,,,
wyoming,wyo,,,
yale,yale,,,
youngstown state,ysu,,,